id;firstname;lastname;address;city;telephone
1;Implementation dynamic;calculating Metal;Bulgaria Pound;Rosalindatown;592-750-1553
2;Administrator Yen;PCI;out-of-the-box;North Shaniaville;(450) 613-1892 x9777
3;CSS payment primary;Plastic;Coordinator;Lake Claudemouth;1-308-825-6168 x3969
4;Tactics Trinidad Litas;Mexican;motivating;Lake Juvenal;636.816.8347 x8200
5;Checking Robust;Ruble;interactive fresh-thinking grey;Bayamon;1-232-996-7663 x3699
6;redundant seamless;Multi-layered Solomon;Forks Ball;Lake Beatrice;1-740-874-8056 x4370
7;calculating JBOD;solution UAE Account;Mauritius;Funkmouth;556-276-7497 x8471
8;Shoes Tuna Liaison;(customarily synergies Practical;Industrial connect Rustic;Brakuston;(850) 508-5331 x530
9;Designer copying;Soft Loan;azure South;Ullrichchester;(544) 494-7822 x729
10;up Maine Florida;eyeballs;Plastic;East Queeniefort;1-282-616-6043 x2894
